geonameid,name,asciiname,alternatenames,latitude,longitude,feature class,feature code,country code,cc2,admin1 code,admin2 code,admin3 code,admin4 code,population,elevation,dem,timezone,modification date
2058430,Whyalla,Whyalla,"Gorad Uajala,Gouaialla,Uajalla,Vajala,Vajalla,WYA,Whyalla,huai a la,hwaiaella,uaiala,?????????,???????,??????,????? ?????,???????,?????,??????,???,????",-33.03268,137.56484,P,PPLA2,AU,,5,48540,,,19645,,20,Australia/Adelaide,23/08/2013
2062338,Rockingham,Rockingham,"Rockingham,Rokingam,????????",-32.27682,115.72978,P,PPL,AU,,8,57490,,,108022,,8,Australia/Perth,25/06/2013
2062944,Prospect,Prospect,,-34.88241,138.5933,P,PPL,AU,,5,46510,,,20217,,43,Australia/Adelaide,25/06/2013
2063042,Port Hedland,Port Hedland,"PHE,Port Hedland,Port Khedland,Port-Gedlend,Port-Khedlend,poteuhedeullaendeu,potoheddorando,???? ???????,????-???????,????-???????,????-????????,?????????,??????",-20.31215,118.61059,P,PPL,AU,,8,57280,,,15044,,5,Australia/Perth,25/06/2013
2063523,Perth,Perth,"Gorad Pert,PER,Peairt,Pert,Perta,Pertas,Perth,Perth City,Perthia,Perto,Perþ,Pirth,Purt,P?rta,byrth,part,partha,pasu,peoseu,pert,pheirth,po si,prt,prt',prt?  as?rylya,????,????? ????,????,?????,????,????,???',????,???,????? ????????,????,??????,?????,???????,??????,??????????,?????,???,??,??",-31.95224,115.8614,P,PPLA,AU,,8,51310,,,1896548,,34,Australia/Perth,25/06/2013
2065176,Murray Bridge,Murray Bridge,"Marri-Bridzh,Murray Bridge,?????-?????",-35.11986,139.27345,P,PPL,AU,,5,45040,,,19577,,36,Australia/Adelaide,3/08/2013
2065594,Mount Isa,Mount Isa,"ISA,Maunt Ajza,Maunt-Ajza,Mont Isa,Mount Ajza,Mount Isa,Mt Isa,Mt. Isa,yi sa shan,????? ????,?????-????,????? ????,????? ????,?????-????,???",-20.72523,139.49727,P,PPL,AU,,4,35300,,,22785,,363,Australia/Brisbane,25/06/2013
2065740,Morphett Vale,Morphett Vale,Morphett Vale,-35.13333,138.51667,P,PPL,AU,,5,45340,,,22602,,92,Australia/Adelaide,25/06/2013
2067119,Mandurah,Mandurah,"Mandujura,Mandura,Mandurah,Mandzhera,man du la,mandula,mandwrah,manjura,mndwra,mondurahi,????????,???????,????????,????????,??????,???????,?????????,?????,???,???",-32.5269,115.7217,P,PPL,AU,,8,55110,,,83294,,4,Australia/Perth,25/06/2013
2068079,Kwinana,Kwinana,Kwinana,-32.23013,115.78128,P,PPL,AU,,8,54830,,,30433,,7,Australia/Perth,25/06/2013
2068823,Kalgoorlie,Kalgoorlie,"KGI,Kalgoorlie,Kalgoorlie-Boulder,Kalgurli,Kalgurli-Bolder,ka er gu li,kaelgulli,kalagurli,kalghwrly,kalgwrly,karuguri,????????,????????-??????,????????,????????,????????,?????????,????????,??????,????,???",-30.74614,121.4742,P,PPL,AU,,8,54280,,,31107,,387,Australia/Perth,26/04/2014
2070571,Gosnells,Gosnells,Gosnells,-32.081,116.0054,P,PPL,AU,,8,53780,,,17277,,23,Australia/Perth,8/04/2014
2070998,Geraldton,Geraldton,"Dzeraldton,Dzheral'dton,Dzheraldton,GET,Geraldton,jeleolteon,jeraruton,jie la er dun,jyraldtwn,?????????,??????????,???????????,?????????,????????,??????????,??????,????,???",-28.77897,114.61459,P,PPL,AU,,8,53520,,,26872,,15,Australia/Perth,16/06/2014
2071059,Gawler,Gawler,"Gawler,Goler,?????",-34.60251,138.74902,P,PPL,AU,,5,42030,,,20006,,57,Australia/Adelaide,3/08/2013
2071223,Fremantle,Fremantle,"Fremantle,Frimantl,JFM,frymantl,fu li man te er,furimantoru,peulimaenteul,????????,????????,????????,?????????,???????,?????,????",-32.05,115.76667,P,PPL,AU,,8,53430,,,24835,,26,Australia/Perth,25/06/2013
2073124,Darwin,Darwin,"DRW,Daarwin,Darvin,Darvina,Darvinas,Darvino,Darwin,D?rvina,Gorad Darvin,Ntargouin,Palmerston,Port Darwin,da er wen,da er wen gang,dar win,dara'u'ina,daravina,darvina,darvini,darwyn,darwyn  alaqlym alshmaly,dau~in,dawin,drwwyn,tarvin,?????????,????? ??????,??????,??????,???????,??????,??????? ??????? ???????,??????,?????,???????,??????,??????,????????,???????,???????,?????,???,????,??",-12.46113,130.84185,P,PPLA,AU,,3,71000,,,129062,,31,Australia/Darwin,25/06/2013
2075265,Busselton,Busselton,"BQB,Busselton,bwsltwn,???????,?????????",-33.65249,115.3455,P,PPL,AU,,8,51260,,,21898,,7,Australia/Perth,25/06/2013
2075432,Bunbury,Bunbury,"BUY,Banberi,Bunbury,ban bo li,banbari,banbary,banberi,beonbeoli,bnbry,???????,???????,?????,???????,?????,???,???",-33.32711,115.64137,P,PPL,AU,,8,51190,,,68248,,5,Australia/Perth,25/06/2013
2077579,Armadale,Armadale,Armadale,-32.14607,116.0093,P,PPL,AU,,8,50210,,,62296,,54,Australia/Perth,6/10/2013
2077895,Alice Springs,Alice Springs,"ASP,Alice Springs,Alice Springs Region,Alis Springs,Alis-Springs,Elis Springsas,Springs,Stuart,aelliseuseupeulingseu,ai li si quan,alys aspryngz,arisusupuringusu,ayls sprngz,???? ???????,????-???????,????-???????,???? ???????,???? ????????,???? ??????,???? ??????????,????-????????,?????????,????,???????",-23.69748,133.88362,P,PPL,AU,,3,70200,,,25186,,583,Australia/Darwin,25/06/2013
2077963,Albany,Albany,"ALH,Albani,Albany,Olbani,albany,ao ban ni,arubani,olbani,olbeoni,??????,??????,??????,??????,??????,??????,?????,???,???",-35.0031,117.86595,P,PPL,AU,,8,50080,,,33650,,50,Australia/Perth,25/06/2013
2078025,Adelaide,Adelaide,"ADL,Adelaida,Adelaidae,Adelaide,Adelaidis,Adelaid?,Adelajda,Adelajdo,Adelaïda,Adelaïde,Adelejd,Adelàida,Adélaïde,Edelaid,Gorad Adehlaida,Tarndanya,Tarndarnya,a de lai de,adelaida,aderedo,adilaid,adiled,adlayd,adylyd,aedeulleideu,atileyit,edile'ida,edileda,????????,???????æ,????????,????????,???????,???????,????? ????????,????????,??????,??????,??????,?????????,???????,??????,?daleda,?????,???????,?????????,???????,???????,??????????,???????,?????????????,????????,?????,????,????,?????",-34.92866,138.59863,P,PPLA,AU,,5,40070,,,1225235,,59,Australia/Adelaide,16/07/2014
2143069,Woodridge,Woodridge,Woodridge,-27.63333,153.1,P,PPL,AU,,4,34590,,,20650,,40,Australia/Brisbane,25/06/2013
2143285,Wodonga,Wodonga,"Uodonga,Wodonga,uodonga,wo dong jia,wo tong ge,wodong-ga,???????,???????,???????,???,???,???",-36.12179,146.88809,P,PPL,AU,,7,27170,,,31605,,167,Australia/Melbourne,29/07/2013
2144528,Warrnambool,Warrnambool,"Gouornampoul,Uornambul,Vornambul,WMB,Warrnambool,uornambuli,u~onanburu,warnmbwl,????????????,?????????,?????????,????????,??????????,????????",-38.38176,142.48799,P,PPL,AU,,7,26730,,,33982,,24,Australia/Melbourne,29/07/2013
2144764,Wangaratta,Wangaratta,"Uangaratta,Vangaratta,WGT,Wangaratta,??????????,??????????,?????????,?????????",-36.35846,146.32056,P,PPL,AU,,7,26700,,,16845,,151,Australia/Melbourne,29/07/2013
2145110,Wagga Wagga,Wagga Wagga,"Uaga Uaga,Uogga Uogga,Uogga-Uogga,Vaga Vaga,Vagga-Vagga,Voga Voga,WGA,Wagga,Wagga Wagga,uaga-uaga,u~ogau~oga,waga waga,wagawaga,wo jia wo jia,?????-?????,???? ????,???? ????,????? ?????,?????-?????,???? ????,????-????,??????,????,????",-35.12577,147.35374,P,PPL,AU,,2,17750,,,46913,,201,Australia/Sydney,10/12/2013
2146108,Traralgon,Traralgon,"TGN,Traralgon,?????????",-38.19528,146.5415,P,PPL,AU,,7,23810,,,21960,,46,Australia/Melbourne,29/07/2013
2146142,Townsville,Townsville,"TSV,Taunsvil,Taunsvil',Taunsvilis,Taunsvill,Townsville,ta'unsavhila,tang shi wei lu,tang si wei er,taunjeubil,taunzubiru,tawnsfyl,tawnzwyl,????????,?????????,?????????,?????????,????????,????????,?????????,???????????,?????????,??????,????,????,????",-19.26639,146.8057,P,PPL,AU,,4,37010,,,196219,,15,Australia/Brisbane,25/06/2013
2146268,Toowoomba,Toowoomba,"TWB,Toowoomba,Tuvumba,teoumba,to~unba,tu wen ba,tuvumpa,???????,??????,????????,???????,?????,???,???",-27.56056,151.95386,P,PPL,AU,,4,36910,,,131258,,599,Australia/Brisbane,25/06/2013
2147381,Taree,Taree,"TRO,Taree,Tari,????,????",-31.91099,152.45387,P,PPL,AU,,2,13350,,,16621,,30,Australia/Sydney,25/06/2013
2147497,Tamworth,Tamworth,"TMW,Tamuort,Tamworth,???????",-31.09048,150.92905,P,PPL,AU,,2,17310,,,47597,,384,Australia/Sydney,25/06/2013
2147714,Sydney,Sydney,"Gorad Sidnej,SYD,Sanctus Dionysius,Sedniejos,Sidnei,Sidnej,Sidneja,Sidnejo,Sidnejus,Sidney,Sidneý,Sidni,Sidnéy,Sidn?jus,Sit-ni,Sit-nì,Syd,Sydneium,Sydney,Sydney City,Sídney,Sîdney,S?dniejos,citni,shidoni,sidani,sideuni,sidnei,sidni,sidniy,sydny,xi ni,xue li,??????,????? ??????,??????,??????,??????,?????,??????,?????,??????,?????,?????,?????,????,?????,?????,?????,??????,??????,?????,?????,?????,??????,??????,??????,??????,???????,???????,???????????,??????,???,????????,????,??,??,???",-33.86785,151.20732,P,PPLA,AU,,2,17200,,,4627345,,58,Australia/Sydney,24/08/2013
2147849,Surfers Paradise,Surfers Paradise,"SFP,Sjorfers Paradajz,Surfers Paradise,srfrz paradayz  kwyynzlnd,srprz prdyyz,??????? ????????,??????? ????????,????? ??????,????? ????????? ?????????",-28.00274,153.42999,P,PPL,AU,,4,33430,,,18501,,13,Australia/Brisbane,4/06/2011
2147892,Sunnybank,Sunnybank,Sunnybank,-27.58333,153.05,P,PPL,AU,,4,31000,,,16442,,44,Australia/Brisbane,25/06/2013
2147914,Sunbury,Sunbury,"Sanberi,Sunbury,sunburi,???????,???????",-37.57742,144.72607,P,PPL,AU,,7,23270,,,29925,,220,Australia/Melbourne,29/07/2013
2148398,Port Stephens,Port Stephens,,-32.71314,152.06623,P,PPL,AU,AU,2,16400,,,27531,,16,Australia/Sydney,25/06/2013
2148928,Southport,Southport,"SHQ,Southport,nan gang,??",-27.96724,153.39796,P,PPL,AU,,4,33430,,,28315,,7,Australia/Brisbane,9/11/2013
2148997,South Grafton,South Grafton,,-29.7076,152.92627,P,PPL,AU,,2,11730,,,16399,,2,Australia/Sydney,8/04/2014
2149645,Shepparton,Shepparton,"Mooroopna,SHT,Sheparton,Shepparton,????????,?????????,???????,?????????",-36.38047,145.39867,P,PPL,AU,,7,22830,,,38773,,115,Australia/Melbourne,31/07/2013
2150660,Saint Kilda,Saint Kilda,"Saint Kilda,St Kilda",-37.8676,144.98099,P,PPL,AU,,7,25900,,,17795,,11,Australia/Melbourne,25/06/2013
2151437,Rockhampton,Rockhampton,"ROK,Rockhampton,Rokgempton,Rokkhempton,luo kan pu dun,rakhmptwn,??????????,??????????,?????????,??????????,???????????,????",-23.38032,150.50595,P,PPL,AU,,4,36360,,,61724,,13,Australia/Brisbane,25/06/2013
2151649,Richmond,Richmond,Richmond,-37.81819,145.00176,P,PPL,AU,,7,27350,,,26121,,20,Australia/Melbourne,25/06/2013
2152286,Queanbeyan,Queanbeyan,"Kuinbejan,Kuinbian,Kvinbijan,Queanbeyan,kun bi en,kwynbyan,?????????,????????,????????,????????,???????,???",-35.35493,149.232,P,PPL,AU,,2,16470,,,40661,,581,Australia/Sydney,25/06/2013
2152329,Quakers Hill,Quakers Hill,,-33.73333,150.88333,P,PPL,AU,,2,10750,,,25017,,39,Australia/Sydney,4/06/2011
2152659,Port Macquarie,Port Macquarie,"PQQ,Port Macquarie,Port Makkuori,Port Makvori,mai jue li gang,???? ???????,???? ????????,????-???????,????",-31.43084,152.90894,P,PPL,AU,,2,16380,,,41491,,10,Australia/Sydney,25/06/2013
2154219,Orange,Orange,"OAG,Orandzh,Orange,??????",-33.28397,149.10018,P,PPL,AU,,2,16150,,,39329,,868,Australia/Sydney,25/06/2013
2154787,Nowra,Nowra,"NOA,Novra,Nowra,Nowra-Bomaderry,novra,nuo la,nwwra,?????,?????,?????,??",-34.88422,150.60036,P,PPL,AU,,2,16950,,,34479,,30,Australia/Sydney,25/06/2013
2155472,Newcastle,Newcastle,"Avstralyn N'jukasl,Gorad N'jukasl,N'jukasl,NTL,Newcastle,Niukaslas,Njukasl,Njukasul,Novkastelo,niu ka si er,nyukaeseul,nyukassuru,nyw kasl,nywkasl,??????,????????? ???????,????? ???????,???????,???????,???????,??? ????,???????,????????,???????,????,???",-32.92715,151.77647,P,PPL,AU,,2,15900,,,308308,,21,Australia/Sydney,25/06/2013
2155542,Nerang,Nerang,Nerang,-27.98941,153.33633,P,PPL,AU,,4,33430,,,16256,,13,Australia/Brisbane,25/06/2013
2156340,Mulgrave,Mulgrave,Mulgrave,-37.91667,145.2,P,PPL,AU,,7,24970,,,17647,,75,Australia/Melbourne,25/06/2013
2156643,Mount Gambier,Mount Gambier,"Gambier Town,MGB,Maunt Gamb'er,Maunt Gambir,Maunt-Gambier,Maunt-Gambir,Mont Gambier,Mount Gambier,Mt Gambier,Mt. Gambier,mang te gan bi er,maunteugaembieo,mauntoganbia,????? ??????,????? ????’??,?????-???????,?????-??????,????? ??????,?????-???????,????????,?????,??????",-37.8318,140.77919,P,PPL,AU,,5,44620,,,23209,,41,Australia/Adelaide,3/08/2013
2156813,Mosman,Mosman,"Mosman,mosamana,??????,??????,????????????????",-33.83902,151.23956,P,PPL,AU,,2,15350,,,26236,,24,Australia/Sydney,8/04/2014
2156878,Mornington,Mornington,"Mornington,ONG,??????????",-38.21792,145.03876,P,PPL,AU,,7,25340,,,22421,,25,Australia/Melbourne,16/06/2014
2156934,Morayfield,Morayfield,Morayfield,-27.10876,152.94907,P,PPL,AU,,4,35010,,,18020,,8,Australia/Brisbane,25/06/2013
2157343,Moe,Moe,"Moe,Moi,Yallourn,moe,???,???,???",-38.17828,146.26099,P,PPL,AU,,7,23810,,,15582,,76,Australia/Melbourne,29/07/2013
2157698,Mildura,Mildura,"MQL,Mild'jura,Mildjura,Mildura,mi er du la,mildiura,mildula,mirude~yura,????????,????????,??????,????????,??????,????,???",-34.18551,142.16251,P,PPL,AU,,7,24780,,,30016,,56,Australia/Melbourne,29/07/2013
2158151,Melton,Melton,"Melton,??????,?????,???????",-37.68339,144.58543,P,PPL,AU,,7,24650,,,35490,,138,Australia/Melbourne,25/06/2013
2158177,Melbourne,Melbourne,"MEL,Mel'burn,Melbourne,Melbourne City,Melbournum,Melburn,Melburna,Melburnas,Melburno,mel beirn,melaborna,melbeoleun,melporn,meruborun,mlbwrn,mo er ben,???????,???????,????????,??????,??????,???????,????????,??????????,?????????,???????,?????,???,???",-37.814,144.96332,P,PPLA,AU,,7,24600,,,4246375,,25,Australia/Melbourne,29/07/2013
2158562,Maryborough,Maryborough,"MBH,Maryborough,Mehriboro,Meriboro,ma li bo lei,meriboro,myrybra,????????,????????,????????,???????,????????,????",-25.54073,152.70493,P,PPL,AU,,4,33220,,,21501,,11,Australia/Brisbane,25/06/2013
2158626,Marrickville,Marrickville,"Marrickville,marikkubiru,??????",-33.90318,151.15176,P,PPL,AU,,2,15200,,,23161,,18,Australia/Sydney,8/04/2014
2158651,Maroubra,Maroubra,"Maroubra,Maroubra Beach,marubura,???????,????",-33.95,151.23333,P,PPL,AU,,2,16550,,,26538,,24,Australia/Sydney,25/06/2013
2159045,Maitland,Maitland,"MTL,Maitland,Mehjtlend,Mejtland,Mejtlend,West Maitland,mei te lan,????????,????????,????????,???????,?????????,???",-32.73308,151.5574,P,PPL,AU,,2,15050,,,67132,,16,Australia/Sydney,25/06/2013
2159220,Mackay,Mackay,"MKY,Mackay,Makaj,Makej,Makkaj,maekai,mai kai,makkai,mkay,?????,?????,?????,??????,????,????,?????,????,??,???",-21.15345,149.16554,P,PPL,AU,,4,34770,,,74219,,11,Australia/Brisbane,25/06/2013
2159851,Liverpool,Liverpool,"Liverpool,lywrpwl  astralya,???????? ????????,?????????,?????? ???????",-33.9,150.93333,P,PPL,AU,,2,12850,,,21317,,11,Australia/Sydney,2/02/2012
2160063,Lismore,Lismore,"LSY,Lismor,Lizmor,li si mo er,lijeumo-eo,lismori,lsmwr,lysmwr  astralya,rizumo,??????,??????,?????,??????? ????????,???????,????,????,????",-28.81354,153.2773,P,PPL,AU,,2,14850,,,30086,,11,Australia/Sydney,25/06/2013
2160517,Launceston,Launceston,"LST,Launceston,Launcestown,Lonseston,Patersonia,lang sai si dun,lansstwn  tasmany,lonseoseuteon,ronsesuton,?????????,????????? ???????,????????,??????????,???????,????,????",-41.43876,147.13467,P,PPL,AU,,6,64010,,,106153,,11,Australia/Hobart,25/06/2013
2161776,Katoomba,Katoomba,"Katoomba,Katumba,???????",-33.71977,150.30739,P,PPLA2,AU,,2,10900,,,18593,,991,Australia/Sydney,16/02/2012
2163137,Hornsby,Hornsby,,-33.70244,151.09931,P,PPL,AU,,2,14000,,,19863,,186,Australia/Sydney,25/06/2013
2163355,Hobart,Hobart,"Chompart,Gobart,Gorad Khobart,HBA,Hobart,Hobart Town,Hobarta,Hobartas,Hobarto,Hobat,Hob?rta,Khobart,Khoubart,he ba te,hobarata,hobart,hobarta,hobateu,hobato,hopart,huo ba te,hwbart,???????,??????,????? ??????,??????,???????,??????,??????,?????,??????,???????,??????,???????,????????,????????,???????,??????????,???????,????,???,???,???",-42.87936,147.32941,P,PPLA,AU,AU,6,62810,,,216656,,19,Australia/Hobart,25/06/2013
2164422,Griffith,Griffith,"GFF,Griffit,Griffith,gripiti,gryfyt  astralya,???????,??????,??????? ????????,???????",-34.28853,146.05093,P,PPL,AU,,2,13450,,,15455,,128,Australia/Sydney,28/02/2012
2164515,Greensborough,Greensborough,,-37.70462,145.10302,P,PPL,AU,,7,20660,,,20214,,75,Australia/Melbourne,4/06/2011
2164691,Granville,Granville,"Granville,Granville Junction",-33.83333,151.01667,P,PPL,AU,AU,2,16250,,,22889,,12,Australia/Sydney,18/01/2012
2164837,Goulburn,Goulburn,"GUL,Golbern,Goulbern,Goulburn,Gulbern,golbeon,goulberni,gu er ben,gwlbrn,???????,????????,???????,??????,?????????,?????,???,??",-34.75155,149.72086,P,PPL,AU,,2,13310,,,20940,,642,Australia/Sydney,28/02/2012
2165087,Gold Coast,Gold Coast,"City of Gold Coast,Costa Dorada,Gold,Gold Coast,Gold Koust,OOL,gorudokosuto,huang jin hai an,???? ?????,????????,?????????,????,????",-28.00029,153.43088,P,PPL,AU,,4,33430,,,591473,,12,Australia/Brisbane,6/10/2013
2165478,Gladstone,Gladstone,"GLT,Gladstone,Glehdston,????????",-23.84761,151.25635,P,PPL,AU,,4,33360,,,30489,,22,Australia/Brisbane,5/01/2014
2165798,Geelong,Geelong,"Dzhelong,Dzhilong,Dzilong,Dzilongas,Džilongas,GEX,Geelong,Zhelon,ghylwngh,gilonga,gylang,gylwng,jeollong,ji lang,jilongi,jirongu,jylan,??????,???????,???????,?????,??????,?????,??????,??????,??????,???????,?????,??,??",-38.14711,144.36069,P,PPL,AU,,7,22750,,,226034,,23,Australia/Melbourne,31/07/2013
2166143,Frankston East,Frankston East,"Frankston East,Frenkston,?????????",-38.13333,145.13333,P,PPL,AU,,7,22170,,,34457,,10,Australia/Melbourne,18/01/2012
2166309,Forster,Forster,"FOT,Forster",-32.18136,152.51715,P,PPL,AU,,2,13400,,,17591,,7,Australia/Sydney,16/06/2014
2167280,Epping,Epping,,-33.77271,151.08184,P,PPL,AU,,2,16250,,,18969,,97,Australia/Sydney,4/06/2011
2167312,Engadine,Engadine,Engadine,-34.06564,151.01266,P,PPL,AU,,2,17150,,,17937,,125,Australia/Sydney,26/06/2014
2167817,Echuca,Echuca,"ECH,Echuca,Ichuka,?????",-36.14057,144.75185,P,PPL,AU,,7,21370,,,19457,,100,Australia/Melbourne,29/07/2013
2167949,Earlwood,Earlwood,Earlwood,-33.95,151.1,P,PPL,AU,,2,14150,,,16564,,43,Australia/Sydney,18/01/2012
2168305,Dubbo,Dubbo,"DBO,Dabbo,Dabo,Dubbo,dabbo,dabo,?????,????,???,?????,????,??",-32.24295,148.60484,P,PPL,AU,,2,12600,,,32327,,264,Australia/Sydney,25/06/2013
2168943,Devonport,Devonport,"DPO,Devenport,Devonport,de wen gang,dwwnpwrt  tasmany,?????????,????????? ???????,????????,??????????,???",-41.17695,146.35152,P,PPL,AU,,6,61610,,,19317,,28,Australia/Hobart,28/02/2012
2169220,Deception Bay,Deception Bay,Deception Bay,-27.19354,153.02631,P,PPL,AU,,4,35010,,,16090,,13,Australia/Brisbane,28/02/2012
2169956,Cronulla,Cronulla,"Cronulla,Cronulla Beach,Gunnamatta,krona'ulla,??????????",-34.06251,151.14961,P,PPL,AU,AU,2,17150,,,16754,,29,Australia/Sydney,8/04/2014
2170078,Cranbourne,Cranbourne,Cranbourne,-38.1,145.28333,P,PPL,AU,,7,21610,,,39419,,52,Australia/Melbourne,18/01/2012
2170089,Craigieburn,Craigieburn,Craigieburn,-37.6,144.95,P,PPL,AU,,7,23270,,,19728,,186,Australia/Melbourne,18/01/2012
2171085,Coffs Harbour,Coffs Harbour,"CFS,Coffs Harbour,Kofs Kharbor,Kofs-Kharbor,ke fu si gang,kofusuhaba,kopeuseuhabeo,???? ??????,????-??????,???? ?????,????-???????,???????,????,?????",-30.29626,153.11351,P,PPL,AU,,2,11800,,,26353,,6,Australia/Sydney,25/06/2013
2171507,Wollongong,Wollongong,"City of Greater Wollongong,Gorad Vulangang,Uulongong,Vullongon,Vullongong,Vulongong,Vulongongas,WOL,Wollongong,ulleongong,urongon,vulamgamga,vulongongi,wlwngwng,wlwnjwnj,wo long gang,wo long gang shi,wwlwngwng,?????????,??????????,?????????,????? ?????????,?????????,????????,????????,?????????,?????????,??????????,?????,???,????,???",-34.424,150.89345,P,PPL,AU,,2,18450,,,292190,,29,Australia/Sydney,25/06/2013
2171845,Cessnock,Cessnock,"CES,Cessnock,Sesnok,ksnak,sai si nuo ke,??????,?????,???????,????,????",-32.83211,151.35623,P,PPL,AU,,2,11720,,,16393,,71,Australia/Sydney,28/02/2012
2172111,Castle Hill,Castle Hill,Castle Hill,-33.73333,151,P,PPL,AU,,2,10500,,,35389,,126,Australia/Sydney,18/01/2012
2172303,Carlingford,Carlingford,,-33.78269,151.04888,P,PPL,AU,,2,16250,,,21364,,105,Australia/Sydney,4/06/2011
2172311,Caringbah,Caringbah,Caringbah,-34.04726,151.12051,P,PPL,AU,,2,17150,,,21283,,56,Australia/Sydney,8/04/2014
2172517,Canberra,Canberra,"CBR,Camberra,Canberra,Canberrah,Gorad Kanbera,Kamberra,Kambra,Kampera,Kanapera,Kanbera,Kanbero,Kanberr,Kanberra,Kanberrae,Kanberre,Kanbérra,K?napera,kaenbeola,kainabara,kan pei la,kanabera,kanbera,kanbra,kanpara,kenabera,kyanabera,kyanbera,kynbra,qnbrh,???????,????? ???????,???????,???????æ,????????,????????,???????,????????,???????,?????,??????,??????,??????,???????,??????,?????????,??????,???????,???????,?????,???????,??????????,????????,???????,???????,????,?????,???,???,???",-35.28346,149.12807,P,PPLC,AU,,1,,,,367752,,571,Australia/Sydney,25/06/2013
2172686,Camberwell,Camberwell,Camberwell,-37.84205,145.0694,P,PPL,AU,,7,21110,,,19637,,47,Australia/Melbourne,26/08/2011
2172710,Caloundra,Caloundra,"CUD,Caloundra,Kalaundra,Kalundra,?????????,????????,?????????,?????????",-26.80346,153.12195,P,PPL,AU,,4,36710,,,38706,,1,Australia/Brisbane,10/07/2014
2172797,Cairns,Cairns,"CNS,Cairns,Kehrns,Kerns,Kernsa,Kernsas,K?rnsa,kai en si,karnz,keanzu,keeonseu,knz,kyrnz  kwynzland,qyyrns,?????,?????,??????,?????? ?????????,?????,???,??????????,??????,????,???,???",-16.92304,145.76625,P,PPL,AU,,4,32070,,,153075,,7,Australia/Brisbane,25/06/2013
2172832,Caboolture,Caboolture,"Caboolture,kaburucha,??????",-27.08465,152.9511,P,PPL,AU,,4,35010,,,21478,,21,Australia/Brisbane,28/02/2012
2173125,Burnie,Burnie,"BWT,Berni,Burnie,berni,bo er ni,brny,brny  tasmany,?????,?????,????,????? ???????,?????,???",-41.05584,145.90375,P,PPL,AU,,6,60610,,,19972,,29,Australia/Hobart,28/02/2012
2173323,Bundaberg,Bundaberg,"BDB,Bandaberg,Bundaberg,ban de bao,bandabergi,bwndabyrj,?????????,?????????,???????,?????????,??????????,???",-24.86621,152.3479,P,PPL,AU,,4,31820,,,70826,,17,Australia/Brisbane,25/06/2013
2173605,Buderim,Buderim,Buderim,-26.68443,153.05705,P,PPL,AU,,4,36710,,,15228,,153,Australia/Brisbane,28/02/2012
2173741,Brunswick,Brunswick,Brunswick,-37.76667,144.96667,P,PPL,AU,,7,25250,,,19867,,51,Australia/Melbourne,18/01/2012
2173911,Broken Hill,Broken Hill,"BHQ,Broken Hill,Broken-Khill,Willyama,burokunhiru,??????-????,???????",-31.96173,141.45998,P,PPL,AU,,2,11250,,,18430,,312,Australia/Broken_Hill,25/06/2013
2174003,Brisbane,Brisbane,"BNE,Brisbane,Brisbane City,Brisbano,Brisben,Brisbenas,Brizbejn,beulijeubeon,brisben,brysban,bryzbyn,bryzbyyn,bu li si ban,burisuben,pirispen,????????,???????,????????,???????,???????,???????,??????????,???????,?????,????,????",-27.46794,153.02809,P,PPLA,AU,,4,31000,,,2189878,,27,Australia/Brisbane,25/06/2013
2175411,Blacktown,Blacktown,Blacktown,-33.76667,150.91667,P,PPL,AU,,2,10750,,,39000,,67,Australia/Sydney,18/09/2012
2176187,Bendigo,Bendigo,"BXG,Bendigo,Bentinko,ban de ge,ben di ge,bendigo,?????????,???????,???????,???????,???????,?????,???,???,???",-36.75818,144.28024,P,PPL,AU,,7,22620,,,100617,,221,Australia/Melbourne,31/07/2013
2176632,Bathurst,Bathurst,"BHS,Baterst,Bathurst,Behtkherst,Betkherst,ba se si te,baeseoseuteu,batwrst  nyw sawt wlz,???????,????????,????????,???????? ??? ???? ???,???????,????????,?????,????,????",-33.41665,149.5806,P,PPL,AU,,2,10470,,,33110,,670,Australia/Sydney,25/06/2013
2176934,Banora Point,Banora Point,,-28.21298,153.53634,P,PPL,AU,,2,17550,,,27368,,4,Australia/Sydney,4/06/2011
2177091,Ballarat,Ballarat,"Balarat,Balaratas,Ballaarat,Ballarat,ba la rui te,baelleolaes,balart,bararatto,????????,???????,????????,??????,????????,?????,????,???",-37.56622,143.84957,P,PPL,AU,,7,20570,,,97937,,445,Australia/Melbourne,1/05/2014
2177671,Armidale,Armidale,"ARM,Armidale,Armidejl,a mi dai er,armdal,armideili,armydal,????????,????????,??????,???????,???????,?????????,?????,????",-30.50828,151.67123,P,PPL,AU,,2,10110,,,22673,,983,Australia/Sydney,28/02/2012
2178174,Albury,Albury,"ABX,Albury,Olberi,Olberis,aelbeoli,albry,albwry,ao er bo li,olberi,oruberi,??????,?????,??????,?????,??????,????,?????,????,???",-36.07494,146.92394,P,PPL,AU,,2,10050,,,45627,,164,Australia/Sydney,25/06/2013
2207259,South Brisbane,South Brisbane,,-27.48034,153.02049,P,PPLX,AU,,4,31000,,,60000,,15,Australia/Brisbane,8/04/2014
2208285,Randwick,Randwick,"Randwick,rndwwyq,???????,???????????",-33.91439,151.24895,P,PPL,AU,,2,16550,,,25819,,40,Australia/Sydney,8/04/2014
2208305,Dee Why,Dee Why,,-33.75,151.3,P,PPL,AU,,2,18000,,,17463,,-9999,Australia/Sydney,12/01/2012
6301965,Palmerston,Palmerston,"Palmerston,pa mo si dun,??????????,?????????,???????????,????",-12.48602,130.9833,P,PPL,AU,,3,72800,,,25000,,36,Australia/Darwin,4/06/2011
6943558,Bracken Ridge,Bracken Ridge,,-27.3171,153.03097,P,PPL,AU,,4,31000,,,15355,,27,Australia/Brisbane,26/08/2011
7281782,North Ryde,North Ryde,,-33.79677,151.12436,P,PPL,AU,,2,16700,,,17208,,79,Australia/Sydney,1/03/2012
7281807,Hoppers Crossing,Hoppers Crossing,,-37.88264,144.7003,P,PPL,AU,,7,27260,,,38108,,30,Australia/Melbourne,4/06/2011
7281838,Logan City,Logan City,"Citta di Logan,Città di Logan,Logan,Logan City,logani,luo gen shi,lwghan syty,????? ????,???? ???,??????,???",-27.63917,153.10944,P,PPL,AU,,4,34590,,,282673,,39,Australia/Brisbane,25/06/2013
7281839,Carindale,Carindale,,-27.50578,153.10236,P,PPL,AU,,4,31000,,,15135,,14,Australia/Brisbane,4/06/2011
7281840,Paramatta,Paramatta,,-33.8178,151.00348,P,PPL,AU,,2,16250,,,18448,,26,Australia/Sydney,18/09/2012
7281850,Ferntree Gully,Ferntree Gully,,-37.88461,145.29539,P,PPL,AU,,7,23670,,,24724,,125,Australia/Melbourne,4/06/2011
7302259,City of Parramatta,City of Parramatta,"City of Parramatta,Parramatta",-33.81667,151,P,PPL,AU,,2,16250,,,19745,,24,Australia/Sydney,25/06/2013
7302628,Adelaide Hills,Adelaide Hills,,-34.91118,138.70735,P,PPL,AU,,5,40120,,,60394,,426,Australia/Adelaide,25/06/2013
7302631,Canning Vale,Canning Vale,,-32.05798,115.91814,P,PPL,AU,,8,51330,,,23289,,24,Australia/Perth,4/06/2011
7302642,Glenmore Park,Glenmore Park,,-33.79068,150.6693,P,PPL,AU,,2,16350,,,19200,,48,Australia/Sydney,4/06/2011
7932612,Glen Iris,Glen Iris,,-37.85995,145.05489,P,PPL,AU,,7,26350,,,23270,,49,Australia/Melbourne,26/08/2011
7932629,Balwyn North,Balwyn North,,-37.79086,145.09386,P,PPL,AU,,7,21110,,,19968,,59,Australia/Melbourne,26/08/2011
7932636,Carnegie,Carnegie,,-37.88867,145.05713,P,PPL,AU,,7,22310,,,15084,,50,Australia/Melbourne,26/08/2011
7932638,Malvern East,Malvern East,East Malvern,-37.87397,145.04253,P,PPL,AU,,7,26350,,,19593,,60,Australia/Melbourne,7/03/2013
7932646,Brighton East,Brighton East,,-37.90141,145.01884,P,PPL,AU,,7,20910,,,15167,,19,Australia/Melbourne,26/08/2011
7932654,Booval,Booval,,-27.61328,152.78944,P,PPL,AU,,4,33960,,,20540,,34,Australia/Brisbane,26/08/2011
8015209,St Albans,St Albans,Saint Albans,-37.74496,144.80049,P,PPL,AU,,7,21180,,,33511,,70,Australia/Melbourne,2/09/2011
8347325,Endeavour Hills,Endeavour Hills,,-37.97695,145.25866,P,PPLX,AU,,7,21610,,,25000,,92,Australia/Melbourne,9/07/2012
8347717,Clayton,Clayton,,-37.91731,145.13041,P,PPLX,AU,,7,24970,,,15500,,88,Australia/Melbourne,2/09/2012
